Tnetsihpk,Alhsuvw,Ftqlhm,Iwpgjp,Ksnbg,Uixwbotw,711297,Tsonmj,www.fbybpg.com,7787492541,1771899916
Ekstwt,Aosize,Ecxlhpgel,Rjjaciu,Xtewgawd,Whvfsr,264641,Hmqzod,www.yqzlxp.com,9657956711,3823419491
Vkwujtajtq,Iiixwrukji,Nlqevwviys,Sgzdmllkpg,Cmocvp,Wigmrzo,636891,Iuvgkrqva,www.cmgyd.com,2989774548,6638712177
Ghfdj,Pcvfispnn,Qlsuwqv,Igmck,Jmklhkqq,Ftstiwqvw,663639,Srgthht,www.yfllldmo.com,5249921485,9795911843
Wtiyhu,Fmkbx,Kisifcb,Iqbhrresse,Irqsgrt,Bqspyyyo,368995,Fkiumrj,www.cgcoeikjl.com,5522414847,3741959131
Kqyuw,Gdxovns,Sbalino,Ozbwg,Cpqdoctg,Knuvvjjg,447656,Vhimh,www.usibrppfm.com,7314933526,8425589913
Kwxnqqakqd,Qpkhyxk,Luedly,Gmqtt,Gkrgm,Dfjisjk,279128,Vhrbat,www.jzqgk.com,2894135337,6357882658
Kcnzniaa,Artxpbtenu,Nrsppz,Tipvwjdo,Dactrpz,Wntbaxwrag,112338,Kceld,www.mtzevql.com,8371712426,5811619199
Ldfheva,Iujnzimvw,Pwuzd,Ltdyzmf,Rzbsd,Vytdv,488385,Opgawevm,www.nnpvjt.com,3159297949,5536616257
Jtlfmy,Lvwukgu,Qiqjwx,Gzrapyw,Itndg,Baxtsngj,837871,Wypyrens,www.fnwozb.com,4214528555,4299911762
